Position,Player,NFL Team,IFFL Owner,IFFL Team,Price,KMD
QB,Matthew Stafford,LAR,A. Zurek,TACO,$7,K
WR,Jaxon Smith-Njigba,SEA,A. Zurek,TACO,$32,K
RB,Omarion Hampton,LAC,A. Zurek,TACO,$7,K
QB,Jaxson Dart,NYG,A. Zurek,TACO,$6,K
WR,Josh Downs,IND,A. Zurek,TACO,$9,M
QB,Cam Ward,TEN,A. Zurek,TACO,$7,M
TE,Jake Ferguson,DAL,A. Zurek,TACO,$7,M
TE,Dalton Kincaid,BUF,A. Zurek,TACO,$6,M
WR,Matthew Golden,GB,A. Zurek,TACO,$6,M
RB,Jonah Coleman,DEN,A. Zurek,TACO,$2,K
WR,Stefon Diggs,WAS,A. Zurek,TACO,$25,D
WR,Chris Godwin Jr.,TB,A. Zurek,TACO,$19,D
RB,Tyrone Tracy Jr.,,A. Zurek,TACO,$16,D
RB,Jaylen Wright,,A. Zurek,TACO,$16,D
WR,Ricky Pearsall,SF,A. Zurek,TACO,$16,D
RB,Kyle Monangai,CHI,A. Zurek,TACO,$7,M
WR,Cedric Tillman,,A. Zurek,TACO,$7,M
WR,Tre Tucker,,A. Zurek,TACO,$7,M
RB,Tyjae Spears,TEN,A. Zurek,TACO,$6,M
WR,Jayden Higgins,HOU,A. Zurek,TACO,$6,M
WR,Antonio Williams,WAS,A. Zurek,TACO,$2,K
WR,Chris Bell,MIA,A. Zurek,TACO,$1,K
WR,Denzel Boston,CLE,A. Zurek,TACO,$1,K
WR,Ja'Marr Chase,CIN,Abad,JRDP,$77,D
WR,Justin Jefferson,MIN,Abad,JRDP,$61,D
RB,James Cook III,BUF,Abad,JRDP,$52,K
RB,Chase Brown,CIN,Abad,JRDP,$32,K
QB,Caleb Williams,CHI,Abad,JRDP,$17,K
QB,Patrick Mahomes,KC,Abad,JRDP,$45,D
TE,Travis Kelce,,Abad,JRDP,$16,D
RB,Jordan Mason,,Abad,JRDP,$12,D
WR,Jerry Jeudy,,Abad,JRDP,$17,D
RB,Aaron Jones Sr.,,Abad,JRDP,$16,D
WR,Deebo Samuel,SF,Abad,JRDP,$15,M
TE,Mark Andrews,BAL,Abad,JRDP,$11,D
WR,Marvin Mims Jr.,,Abad,JRDP,$10,M
QB,Kirk Cousins,LV,Abad,JRDP,$7,D
RB,Ray Davis,,Abad,JRDP,$7,M
RB,Samaje Perine,,Abad,JRDP,$7,M
RB,Ty Johnson,,Abad,JRDP,$7,M
RB,Bam Knight,,Abad,JRDP,$7,M
RB,Christian McCaffrey,SF,Bill,BILL,$62,K
RB,Breece Hall,NYJ,Bill,BILL,$52,D
WR,Ladd McConkey,LAC,Bill,BILL,$17,K
RB,Javonte Williams,DAL,Bill,BILL,$15,K
WR,Rashee Rice,KC,Bill,BILL,$31,K
QB,Baker Mayfield,TB,Bill,BILL,$24,D
RB,Jaylen Warren,PIT,Bill,BILL,$20,D
RB,Braelon Allen,NYJ,Bill,BILL,$14,D
RB,Kenneth Gainwell,TB,Bill,BILL,$7,M
TE,Isaiah Likely,NYG,Bill,BILL,$7,M
WR,Michael Wilson,ARI,Bill,BILL,$7,M
WR,Keenan Allen,IND,Bill,BILL,$9,M
QB,Quinn Ewers,,Bill,BILL,$7,M
RB,Kaleb Johnson,PIT,Bill,BILL,$7,M
RB,Brashard Smith,KC,Bill,BILL,$7,M
RB,Malik Davis,DAL,Bill,BILL,$7,M
TE,Taysom Hill,,Bill,BILL,$7,M
WR,Kendrick Bourne,,Bill,BILL,$7,M
RB,Jaydon Blue,DAL,Bill,BILL,$6,M
TE,Dallas Goedert,PHI,Bill,BILL,$6,D
WR,Jack Bech,LV,Bill,BILL,$6,M
WR,Caernell Tate,TEN,Bill,BILL,$2,K
TE,Colston Loveland,CHI,Cantone,ARR,$7,K
WR,Terry McLaurin,WAS,Cantone,ARR,$24,M
QB,C.J. Stroud,HOU,Cantone,ARR,$32,D
RB,Quinshon Judkins,CLE,Cantone,ARR,$7,K
WR,Christian Watson,GB,Cantone,ARR,$7,K
RB,Jadarian Price,SEA,Cantone,ARR,$2,K
QB,Michael Penix Jr.,ATL,Cantone,ARR,$16,D
QB,Daniel Jones,IND,Cantone,ARR,$9,M
RB,Woody Marks,HOU,Cantone,ARR,$6,M
RB,James Conner,,Cantone,ARR,$30,D
WR,Jauan Jennings,MIN,Cantone,ARR,$17,D
QB,J.J. McCarthy,MIN,Cantone,ARR,$16,D
RB,Nick Chubb,,Cantone,ARR,$9,M
QB,Davis Mills,,Cantone,ARR,$7,M
RB,Tank Bigsby,,Cantone,ARR,$7,M
RB,Chris Brooks,,Cantone,ARR,$7,M
TE,Juwan Johnson,NO,Cantone,ARR,$7,M
WR,Travis Hunter,JAX,Cantone,ARR,$7,M
WR,Chimere Dike,TEN,Cantone,ARR,$7,M
WR,Quentin Johnston,LAC,Cantone,ARR,$7,D
RB,Justice Hill,,Cantone,ARR,$6,M
QB,Spencer Rattler,,Cantone,ARR,$6,M
RB,Kareem Hunt,,Cantone,ARR,$6,M
WR,Omar Cooper Jr.,NYJ,Cantone,ARR,$2,K
QB,Ty Simpson,LAR,Cantone,ARR,$1,K
QB,Carson Beck,ARI,Cantone,ARR,$1,K
WR,De'Zhaun Stribling,SF,Cantone,ARR,$1,K
TE,Tucker Kraft,,Dugan,DPGE,$17,K
WR,Chris Olave,NO,Dugan,DPGE,$16,K
QB,Jordan Love,GB,Dugan,DPGE,$40,D
WR,Garrett Wilson,NYJ,Dugan,DPGE,$32,D
WR,Rome Odunze,CHI,Dugan,DPGE,$17,K
RB,Zach Charbonnet,SEA,Dugan,DPGE,$15,M
QB,Tyler Shough,NO,Dugan,DPGE,$6,K
RB,Jeremiyah Love,ARI,Dugan,DPGE,$2,K
RB,Jacory Croskey-Merritt,WAS,Dugan,DPGE,$21,D
WR,Jayden Reed,GB,Dugan,DPGE,$9,M
TE,TJ Hockenson,,Dugan,DPGE,$21,D
QB,Tua Tagovailoa,,Dugan,DPGE,$15,D
WR,Khalil Shakir,BUF,Dugan,DPGE,$10,M
RB,Devin Singletary,,Dugan,DPGE,$7,M
RB,Jeremy McNichols,,Dugan,DPGE,$7,M
RB,Isaiah Davis,,Dugan,DPGE,$7,M
RB,Tyler Badie,,Dugan,DPGE,$7,M
TE,AJ Barner,,Dugan,DPGE,$7,M
WR,Troy Franklin,,Dugan,DPGE,$7,M
WR,Hollywood Brown,,Dugan,DPGE,$7,M
WR,Romeo Doubs,NE,Dugan,DPGE,$6,M
WR,Tory Horton,,Dugan,DPGE,$6,M
TE,Kenyon Sadiq,NYJ,Dugan,DPGE,$2,K
TE,Eli Stowers,PHI,Dugan,DPGE,$2,K
WR,Elijah Sarratt,BAL,Dugan,DPGE,$1,K
RB,Bijan Robinson,ATL,Faybik,PNP,$32,K
WR,DeVonta Smith,PHI,Faybik,PNP,$30,K
TE,George Kittle,SF,Faybik,PNP,$35,D
WR,George Pickens,DAL,Faybik,PNP,$24,M
RB,D'Andre Swift,CHI,Faybik,PNP,$24,D
QB,Sam Darnold,SEA,Faybik,PNP,$19,K
WR,Jaylen Waddle,DEN,Faybik,PNP,$19,D
QB,Bo Nix,DEN,Faybik,PNP,$17,M
WR,Jordan Addison,MIN,Faybik,PNP,$17,D
TE,Kyle Pitts Sr.,ATL,Faybik,PNP,$6,K
WR,Xavier Worthy,KC,Faybik,PNP,$17,D
QB,Riley Leonard,,Faybik,PNP,$7,M
RB,Emari Demercado,,Faybik,PNP,$7,M
RB,Brian Robinson Jr.,ATL,Faybik,PNP,$7,M
RB,Audric Estime,,Faybik,PNP,$7,M
RB,Emanuel Wilson,SEA,Faybik,PNP,$7,M
RB,Michael Carter,,Faybik,PNP,$7,M
RB,Devin Neal,NO,Faybik,PNP,$7,M
WR,Jalen Coker,CAR,Faybik,PNP,$7,D
WR,Kayshon Boutte,HOU,Faybik,PNP,$7,D
WR,Isaiah Bond,,Faybik,PNP,$7,D
WR,Germie Bernard,PIT,Faybik,PNP,$1,K
TE,Ted Hurst,TB,Faybik,PNP,$1,K
WR,Mike Washington Jr.,LV,Faybik,PNP,$1,K
QB,Lamar Jackson,,Foley,BF,$65,D
WR,Tetairoa McMillan,CAR,Foley,BF,$7,K
WR,Zay Flowers,BAL,Foley,BF,$32,K
RB,Cam Skattebo,NYG,Foley,BF,$6,K
WR,Wan'Dale Robinson,TEN,Foley,BF,$6,K
RB,Travis Etienne Jr.,NO,Foley,BF,$10,K
RB,Rhamondre Stevenson,NE,Foley,BF,$8,K
RB,Bhayshul Tuten,JAX,Foley,BF,$6,K
WR,Marvin Harrison Jr.,ARI,Foley,BF,$17,D
RB,J.K. Dobbins,DEN,Foley,BF,$12,D
WR,Michael Pittman Jr.,PIT,Foley,BF,$11,D
RB,Dylan Sampson,,Foley,BF,$7,M
TE,Hunter Henry,NE,Foley,BF,$7,M
WR,Jordyn Tyson,NO,Foley,BF,$2,K
WR,Makai Lemon,PHI,Foley,BF,$2,K
QB,Geno Smith,,Foley,BF,$11,D
QB,Kenny Pickett,,Foley,BF,$7,D
QB,Brady Cook,,Foley,BF,$7,D
WR,Rashid Shaheed,SEA,Foley,BF,$7,D
WR,Chris Rodriguez Jr.,JAX,Foley,BF,$7,K
WR,Malik Washington,MIA,Foley,BF,$7,D
QB,Dillon Gabriel,CLE,Foley,BF,$6,D
RB,Nick Singleton,TEN,Foley,BF,$1,K
WR,CeeDee Lamb,DAL,Jared,MOON,$62,D
TE,Brock Bowers,LV,Jared,MOON,$16,K
QB,Trevor Lawrence,JAX,Jared,MOON,$28,K
RB,Ashton Jeanty,LV,Jared,MOON,$7,K
QB,Brock Purdy,SF,Jared,MOON,$40,D
RB,Bucky Irving,TB,Jared,MOON,$17,M
WR,Parker Washington,JAX,Jared,MOON,$7,K
WR,Luther Burden III,CHI,Jared,MOON,$6,M
WR,Brian Thomas Jr,JAX,Jared,MOON,$17,D
QB,Malik Willis,MIA,Jared,MOON,$7,M
QB,Fernando Mendoza,LV,Jared,MOON,$2,K
WR,Calvin Ridley,,Jared,MOON,$18,D
WR,Jakobi Meyers,JAX,Jared,MOON,$16,D
WR,Brandon Aiyuk,,Jared,MOON,$11,D
QB,Trey Lance,LAC,Jared,MOON,$7,D
RB,Trevor Etienne,CAR,Jared,MOON,$7,D
RB,Sean Tucker,TB,Jared,MOON,$7,D
WR,Pat Bryant,,Jared,MOON,$7,D
WR,Alec Pierce,IND,Jared,MOON,$7,D
WR,Dont'e Thornton Jr.,LV,Jared,MOON,$7,D
WR,Isaac TeSlaa,,Jared,MOON,$7,D
WR,KaVontae Turpin,DAL,Jared,MOON,$7,D
QB,Joe Flacco,,Jared,MOON,$6,D
WR,Elic Ayomanor,,Jared,MOON,$6,D
WR,KC Conception,CLE,Jared,MOON,$2,K
WR,Amon-Ra St. Brown,DET,Jason,CATS,$76,D
WR,Drake London,ATL,Jason,CATS,$52,D
WR,Nico Collins,HOU,Jason,CATS,$51,D
WR,A.J. Brown,NE,Jason,CATS,$46,K
RB,Josh Jacobs,,Jason,CATS,$63,D
RB,Derrick Henry,BAL,Jason,CATS,$56,D
QB,Dak Prescott,DAL,Jason,CATS,$36,D
QB,Jared Goff,DET,Jason,CATS,$30,M
RB,Kenneth Walker III,KC,Jason,CATS,$29,M
RB,Chuba Hubbard,CAR,Jason,CATS,$19,D
TE,Harold Fannin Jr.,CLE,Jason,CATS,$7,K
WR,Mike Evans,SF,Jason,CATS,$7,K
TE,Sam Laporta,DET,Jason,CATS,$22,D
TE,Brenton Strange,,Jason,CATS,$7,K
RB,Jonathon Brooks,CAR,Jason,CATS,$7,M
QB,Jacoby Brissett,ARI,Jason,CATS,$7,M
RB,Keaton Mitchell,LAC,Jason,CATS,$7,M
RB,Alvin Kamara,,Jason,CATS,$25,D
RB,Jerome Ford,,Jason,CATS,$18,D
QB,Mac Jones,SF,Jason,CATS,$7,D
TE,Theo Johnson,NYG,Jason,CATS,$7,D
RB,Austin Ekeler,WAS,Jason,CATS,$7,D
WR,Keon Coleman,BUF,Jason,CATS,$7,D
WR,Andrei Iosivas,,Jason,CATS,$7,D
TE,Zach Ertz,,Jason,CATS,$6,D
RB,Jarquez Hunter,,Jason,CATS,$6,D
QB,Josh Allen,BUF,M. Zurek,ZHOP,$74,D
RB,Jahmyr Gibbs,DET,M. Zurek,ZHOP,$32,K
RB,Saquon Barkley,PHI,M. Zurek,ZHOP,$64,D
QB,Justin Herbert,LAC,M. Zurek,ZHOP,$34,K
QB,Jayden Daniels,WAS,M. Zurek,ZHOP,$17,K
RB,De'Von Achane,MIA,M. Zurek,ZHOP,$31,K
WR,Davante Adams,LAR,M. Zurek,ZHOP,$19,K
RB,Kyren Williams,LAR,M. Zurek,ZHOP,$31,K
WR,Jameson Williams,DET,M. Zurek,ZHOP,$19,D
TE,David Njoku,,M. Zurek,ZHOP,$17,D
RB,Blake Corum,LAR,M. Zurek,ZHOP,$16,D
QB,Justin Fields,KC,M. Zurek,ZHOP,$7,D
TE,Cade Otton,,M. Zurek,ZHOP,$6,D
RB,Rico Dowdle,PIT,M. Zurek,ZHOP,$6,D
WR,Xavier Legette,,M. Zurek,ZHOP,$8,D
TE,Evan Engram,,M. Zurek,ZHOP,$8,D
QB,Russell Wilson,,M. Zurek,ZHOP,$8,D
RB,Roschon Johnson,,M. Zurek,ZHOP,$7,D
RB,Will Shipley,,M. Zurek,ZHOP,$7,D
WR,Joshua Palmer,,M. Zurek,ZHOP,$7,D
RB,Najee Harris,,M. Zurek,ZHOP,$7,D
WR,Darnell Mooney,,M. Zurek,ZHOP,$7,D
QB,Jalen Milroe,SEA,M. Zurek,ZHOP,$7,D
QB,Joe Milton,DAL,M. Zurek,ZHOP,$7,D
RB,Joe Mixon,HOU,M. Zurek,ZHOP,$7,D
RB,Phil Mafah,DAL,M. Zurek,ZHOP,$7,D
RB,Tahj Brooks,CIN,M. Zurek,ZHOP,$7,D
WR,Jalen McMillan,TB,M. Zurek,ZHOP,$7,D
WR,Tank Dell,HOU,M. Zurek,ZHOP,$7,D
QB,Jimmy Garoppolo,,M. Zurek,ZHOP,$6,D
RB,Isaac Guerendo,,M. Zurek,ZHOP,$6,D
WR,Ray-Ray McCloud,,M. Zurek,ZHOP,$6,D
WR,Adam Thielen,,M. Zurek,ZHOP,$6,D
TE,Jonnu Smith,,M. Zurek,ZHOP,$6,D
WR,Nick Westbrook-Ikhine,,M. Zurek,ZHOP,$6,D
WR,Rashod Bateman,,M. Zurek,ZHOP,$6,D
RB,Kendre Miller,,M. Zurek,ZHOP,$6,D
WR,Christian Kirk,,M. Zurek,ZHOP,$6,D
WR,DeMario Douglas,,M. Zurek,ZHOP,$6,D
RB,MarShawn Lloyd,,M. Zurek,ZHOP,$6,M
TE,Elijah Arroyo,,M. Zurek,ZHOP,$6,D
QB,Drake Maye,NE,Ryan,RYAN,$16,K
WR,DJ Moore,BUF,Ryan,RYAN,$21,K
WR,Malik Nabers,NYG,Ryan,RYAN,$17,K
TE,Tyler Warren,IND,Ryan,RYAN,$7,K
WR,Tee Higgins,CIN,Ryan,RYAN,$27,M
QB,Bryce Young,CAR,Ryan,RYAN,$17,M
RB,TreVeyon Henderson,NE,Ryan,RYAN,$7,K
RB,RJ Harvey,DEN,Ryan,RYAN,$7,K
WR,Emeka Egbuka,TB,Ryan,RYAN,$7,K
RB,Tony Pollard,TEN,Ryan,RYAN,$27,D
WR,DK Metcalf,PIT,Ryan,RYAN,$20,D
RB,Isiah Pacheco,,Ryan,RYAN,$21,D
RB,Trey Benson,,Ryan,RYAN,$9,D
QB,Anthony Richardson Sr.,IND,Ryan,RYAN,$8,D
QB,Shedeur Sanders,CLE,Ryan,RYAN,$7,D
RB,Tyler Allgeier,ARI,Ryan,RYAN,$7,D
RB,Kimani Vidal,LAC,Ryan,RYAN,$7,D
TE,Oronde Gadsden,,Ryan,RYAN,$7,D
WR,Kyle Williams,,Ryan,RYAN,$7,D
WR,Tre' Harris,LAC,Ryan,RYAN,$6,D
RB,Emmit Johnson,KC,Ryan,RYAN,$1,K
RB,Kaytron Allen,WAS,Ryan,RYAN,$1,K
WR,Puka Nacua,LAR,Wayne,GOP,$32,K
RB,Jonathan Taylor,IND,Wayne,GOP,$65,D
QB,Joe Burrow,CIN,Wayne,GOP,$63,D
QB,Jalen Hurts,PHI,Wayne,GOP,$59,M
TE,Trey McBride,ARI,Wayne,GOP,$32,K
WR,Courtland Sutton,DEN,Wayne,GOP,$35,D
TE,Terrance Ferguson,LAR,Wayne,GOP,$7,K
QB,Kyler Murray,MIN,Wayne,GOP,$38,D
RB,David Montgomery,HOU,Wayne,GOP,$16,D
QB,Aaron Rodgers,PIT,Wayne,GOP,$8,M
TE,Dalton Schultz,HOU,Wayne,GOP,$7,M
RB,Ollie Gordon,,Wayne,GOP,$15,D
WR,Cooper Kupp,SEA,Wayne,GOP,$10,D
TE,Darren Waller,,Wayne,GOP,$7,D
TE,Colby Parkinson,LAR,Wayne,GOP,$7,D
WR,Tyreek Hill,MIA,Wayne,GOP,$7,D
WR,Jaylin Noel,HOU,Wayne,GOP,$7,D
WR,Adonai Mitchell,NYJ,Wayne,GOP,$7,D
WR,Darnell Mooney,,Wayne,GOP,$7,D
RB,Rachaad White,WAS,Wayne,GOP,$6,D
TE,Mason Taylor,NYJ,Wayne,GOP,$6,D
RB,DJ Giddens,,Wayne,GOP,$5,D

Owner,Players Kept,Keeper Total,Auction $ Left
M. Zurek,6,$164,$36
Bill,5,$127,$73
Abad,3,$101,$99
Faybik,7,$90,$110
Foley,11,$87,$113
Ryan,9,$84,$116
Wayne,3,$71,$129
Jason,4,$67,$133
Dugan,8,$63,$137
Jared,6,$62,$138
A. Zurek,8,$58,$142
Cantone,8,$28,$172
TOTAL,78,$1002,$1398